{
  "ResNet18-pretrained": 82.16370106761566,
  "ResNet50-pretrained": 81.33807829181495
}