{
  "DeepConvNet-ELU-0.4": 83.14814814814815,
  "DeepConvNet-ELU-0.5": 83.79629629629629,
  "DeepConvNet-ELU-0.6": 82.96296296296296,
  "DeepConvNet-LeakyReLU-0.2": 84.35185185185185,
  "DeepConvNet-LeakyReLU-0.3": 85.64814814814815,
  "DeepConvNet-LeakyReLU-0.31": 85.18518518518519,
  "DeepConvNet-LeakyReLU-0.32": 84.81481481481481,
  "DeepConvNet-LeakyReLU-0.33": 85.46296296296296,
  "DeepConvNet-LeakyReLU-0.34": 84.62962962962963,
  "DeepConvNet-LeakyReLU-0.35": 84.44444444444444,
  "DeepConvNet-LeakyReLU-0.36": 84.44444444444444,
  "DeepConvNet-LeakyReLU-0.37": 85.27777777777777,
  "DeepConvNet-LeakyReLU-0.38": 85.18518518518519,
  "DeepConvNet-LeakyReLU-0.39": 84.9074074074074,
  "DeepConvNet-LeakyReLU-0.4": 86.01851851851852,
  "DeepConvNet-LeakyReLU-0.41": 85.0,
  "DeepConvNet-LeakyReLU-0.42": 84.62962962962963,
  "DeepConvNet-LeakyReLU-0.43": 85.0925925925926,
  "DeepConvNet-LeakyReLU-0.44": 84.35185185185185,
  "DeepConvNet-LeakyReLU-0.45": 84.9074074074074,
  "DeepConvNet-LeakyReLU-0.46": 84.62962962962963,
  "DeepConvNet-LeakyReLU-0.47": 85.0,
  "DeepConvNet-LeakyReLU-0.48": 84.81481481481481,
  "DeepConvNet-LeakyReLU-0.49": 84.44444444444444,
  "DeepConvNet-LeakyReLU-0.5": 85.55555555555556,
  "DeepConvNet-LeakyReLU-0.6": 84.25925925925925,
  "DeepConvNet-LeakyReLU-0.65": 83.33333333333333,
  "DeepConvNet-LeakyReLU-0.7": 82.68518518518519,
  "DeepConvNet-LeakyReLU-0.75": 81.11111111111111,
  "DeepConvNet-LeakyReLU-0.8": 79.16666666666667,
  "DeepConvNet-LeakyReLU-0.85": 78.33333333333333,
  "DeepConvNet-LeakyReLU-0.9": 77.87037037037037,
  "DeepConvNet-ReLU-0.4": 85.83333333333333,
  "DeepConvNet-ReLU-0.5": 84.35185185185185,
  "DeepConvNet-ReLU-0.6": 82.5,
  "EEGNet-ELU-0.1": 83.14814814814815,
  "EEGNet-ELU-0.2": 82.77777777777777,
  "EEGNet-ELU-0.5": 85.37037037037037,
  "EEGNet-ELU-0.6": 86.75925925925925,
  "EEGNet-ELU-0.7": 87.5,
  "EEGNet-ELU-0.8": 82.03703703703704,
  "EEGNet-LeakyReLU-0.5": 87.96296296296296,
  "EEGNet-LeakyReLU-0.6": 89.9074074074074,
  "EEGNet-LeakyReLU-0.65": 89.25925925925925,
  "EEGNet-LeakyReLU-0.7": 89.62962962962963,
  "EEGNet-LeakyReLU-0.8": 86.94444444444444,
  "EEGNet-LeakyReLU-0.9": 80.37037037037037,
  "EEGNet-ReLU-0.1": 86.11111111111111,
  "EEGNet-ReLU-0.3": 87.03703703703704,
  "EEGNet-ReLU-0.5": 88.05555555555556,
  "EEGNet-ReLU-0.6": 89.72222222222223,
  "EEGNet-ReLU-0.65": 90.18518518518519,
  "EEGNet-ReLU-0.7": 90.0925925925926,
  "EEGNet-ReLU-0.8": 87.4074074074074,
  "EEGNet-ReLU-0.9": 83.24074074074075
}