{
  "EEGNet-ELU-0.8": 82.03703703703704,
  "EEGNet-ReLU-0.8": 87.4074074074074,
  "EEGNet-LeakyReLU-0.8": 86.94444444444444,
  "EEGNet-ELU-0.5": 85.37037037037037,
  "EEGNet-ReLU-0.5": 88.05555555555556,
  "EEGNet-LeakyReLU-0.5": 87.96296296296296,
  "EEGNet-ELU-0.6": 86.75925925925925,
  "EEGNet-ReLU-0.6": 89.07407407407408,
  "EEGNet-LeakyReLU-0.6": 88.70370370370371,
  "EEGNet-ELU-0.7": 87.5,
  "EEGNet-ReLU-0.7": 89.25925925925925,
  "EEGNet-LeakyReLU-0.7": 89.53703703703704
}