{
  "EncoderRNN-256-DecoderRNN-256": 98.20081225052925,
  "EncoderRNN-512-DecoderRNN-512": 97.69896575997878
}
