{
  "EncoderRNN-1024-DecoderRNN-1024": 0.9850813274815462,
  "EncoderRNN-2048-DecoderRNN-2048": 0.9669922130659548,
  "EncoderRNN-256-DecoderRNN-256": 0.9820081225052925,
  "EncoderRNN-512-DecoderRNN-512": 0.9850813274815462
}
